test_size,kernel,n_components,algorithm,model,n_train,n_test,accuracy,precision,recall,f1
0.2,rbf,5,LR,Logistic Regression,800,200,0.805,0.7315573770491803,0.805,0.7463284403669725
0.4,rbf,5,LR,Logistic Regression,600,400,0.81,0.7316400312522197,0.81,0.7534431050547403
0.6,rbf,5,LR,Logistic Regression,400,600,0.815,0.735895061728395,0.815,0.7591336251287334
0.2,linear,10,LR,Logistic Regression,800,200,0.85,0.7961046511627907,0.85,0.8118479505726341
0.4,linear,10,LR,Logistic Regression,600,400,0.86,0.8117521157521158,0.86,0.8249061909798293
0.6,linear,10,LR,Logistic Regression,400,600,0.8583333333333333,0.7979758064516128,0.8583333333333333,0.8228737210290608
0.2,cosine,15,LR,Logistic Regression,800,200,0.855,0.7618978405315615,0.855,0.8022681054160614
0.4,cosine,15,LR,Logistic Regression,600,400,0.86,0.7645867788577783,0.86,0.8074039037539936
0.6,cosine,15,LR,Logistic Regression,400,600,0.86,0.764912854030501,0.86,0.8073773700989988
0.2,rbf,5,KNN,k-Nearest Neighbors (k=5),800,200,0.845,0.8559336854460093,0.845,0.8475556943056942
0.4,rbf,5,KNN,k-Nearest Neighbors (k=5),600,400,0.8775,0.8695879752431476,0.8775,0.8693857001985821
0.6,rbf,5,KNN,k-Nearest Neighbors (k=5),400,600,0.8683333333333333,0.8652638699020277,0.8683333333333333,0.8624968199296555
0.2,linear,10,KNN,k-Nearest Neighbors (k=5),800,200,0.865,0.8647471264367814,0.865,0.8613418190805734
0.4,linear,10,KNN,k-Nearest Neighbors (k=5),600,400,0.885,0.884041750503018,0.885,0.8793112656462041
0.6,linear,10,KNN,k-Nearest Neighbors (k=5),400,600,0.8866666666666667,0.8782459117942989,0.8866666666666667,0.8795453365592433
0.2,cosine,15,KNN,k-Nearest Neighbors (k=5),800,200,0.88,0.8919215936202896,0.88,0.8823541666666667
0.4,cosine,15,KNN,k-Nearest Neighbors (k=5),600,400,0.8875,0.888984364027847,0.8875,0.8836008556297332
0.6,cosine,15,KNN,k-Nearest Neighbors (k=5),400,600,0.8816666666666667,0.883544939341985,0.8816666666666667,0.8788247192550597
0.2,rbf,5,SVM,Support Vector Machine (RBF),800,200,0.8,0.7284782608695654,0.8,0.7399502239920358
0.4,rbf,5,SVM,Support Vector Machine (RBF),600,400,0.8125,0.7363466850828729,0.8125,0.7558220705847825
0.6,rbf,5,SVM,Support Vector Machine (RBF),400,600,0.8166666666666667,0.738943314849045,0.8166666666666667,0.7607301938556307
0.2,linear,10,SVM,Support Vector Machine (RBF),800,200,0.85,0.7858620689655171,0.85,0.8062778526504942
0.4,linear,10,SVM,Support Vector Machine (RBF),600,400,0.8475,0.79901042975622,0.8475,0.806352520855677
0.6,linear,10,SVM,Support Vector Machine (RBF),400,600,0.8516666666666667,0.7830569855569856,0.8516666666666667,0.8074860373777226
0.2,cosine,15,SVM,Support Vector Machine (RBF),800,200,0.875,0.8167802197802199,0.875,0.8409084033613446
0.4,cosine,15,SVM,Support Vector Machine (RBF),600,400,0.8775,0.8439274691358025,0.8775,0.8492251597064567
0.6,cosine,15,SVM,Support Vector Machine (RBF),400,600,0.875,0.8315192411344144,0.875,0.8435325378610792
0.2,rbf,5,DT,Decision Tree (Entropy),800,200,0.855,0.8660603448275862,0.855,0.8571759005309905
0.4,rbf,5,DT,Decision Tree (Entropy),600,400,0.8525,0.8720694259718276,0.8525,0.8604546455265484
0.6,rbf,5,DT,Decision Tree (Entropy),400,600,0.8733333333333333,0.8792346278653022,0.8733333333333333,0.8748830069237976
0.2,linear,10,DT,Decision Tree (Entropy),800,200,0.9,0.9184472422062349,0.9,0.9061862117196704
0.4,linear,10,DT,Decision Tree (Entropy),600,400,0.8775,0.8838087412587412,0.8775,0.8764963563518277
0.6,linear,10,DT,Decision Tree (Entropy),400,600,0.9083333333333333,0.9169706640411703,0.9083333333333333,0.9105748072704339
0.2,cosine,15,DT,Decision Tree (Entropy),800,200,0.855,0.8800611510791367,0.855,0.8650605334006394
0.4,cosine,15,DT,Decision Tree (Entropy),600,400,0.8925,0.9023374146466019,0.8925,0.8918446597262387
0.6,cosine,15,DT,Decision Tree (Entropy),400,600,0.9,0.9075692436946587,0.9,0.9000284337263939
0.2,rbf,5,RF,Random Forest (100 trees),800,200,0.895,0.8942370495495494,0.895,0.8924538110291534
0.4,rbf,5,RF,Random Forest (100 trees),600,400,0.9075,0.8981503535840567,0.9075,0.8985670519828798
0.6,rbf,5,RF,Random Forest (100 trees),400,600,0.9116666666666666,0.9107117807776414,0.9116666666666666,0.9055243204651098
0.2,linear,10,RF,Random Forest (100 trees),800,200,0.915,0.9142547089041096,0.915,0.9111403625110522
0.4,linear,10,RF,Random Forest (100 trees),600,400,0.9275,0.92515096450762,0.9275,0.9239028662907974
0.6,linear,10,RF,Random Forest (100 trees),400,600,0.93,0.9244906734037343,0.93,0.9237182186005714
0.2,cosine,15,RF,Random Forest (100 trees),800,200,0.905,0.9024780701754387,0.905,0.8981126126126127
0.4,cosine,15,RF,Random Forest (100 trees),600,400,0.9275,0.9325321428571429,0.9275,0.9223504933453828
0.6,cosine,15,RF,Random Forest (100 trees),400,600,0.9233333333333333,0.9215322390572389,0.9233333333333333,0.9172996892747559
